"url","sld"
"0n1force.com","0n1force"
"0n1force.com","0n1force"
"0xmons.xyz","0xmons"
"0xvampire.com","0xvampire"
"10ktf.com","10ktf"
"11captainsclub.io","11captainsclub"
"123rf.com","123rf"
"1337skulls.xyz","1337skulls"
"1inameelionwatch.com","1inameelionwatch"
"20minutos.es","20minutos"
"2974.currybrand.com","currybrand"
"3landersnft.com","3landersnft"
"4shared.com","4shared"
"6529.io","6529"
"77-bit.com","77-bit"
"8liens.xyz","8liens"
"8lives.io","8lives"
"8sian.io","8sian"
"a8.net","a8"
"abc.es","abc"
"abc.net.au","abc"
"abcnews.go.com","go"
"about.com","about"
"aboutads.info","aboutads"
"abril.com.br","abril"
"academia.edu","academia"
"adambombsquad.com","adambombsquad"
"addthis.com","addthis"
"addtoany.com","addtoany"
"adobe.com","adobe"
"afternic.com","afternic"
"aifa.football","aifa"
"airbnb.com","airbnb"
"akamaihd.net","akamaihd"
"akamaized.net","akamaized"
"akidcalledbeast.com","akidcalledbeast"
"akumudragonz.io","akumudragonz"
"alethea.ai","alethea"
"alexa.com","alexa"
"algofi.org","algofi"
"alibaba.com","alibaba"
"alicdn.com","alicdn"
"alienfrens.io","alienfrens"
"aliexpress.com","aliexpress"
"allaboutcookies.org","allaboutcookies"
"alpacadabraz.io","alpacadabraz"
"alphabot.app","alphabot"
"alphagirlclub.io","alphagirlclub"
"amazon.ca","amazon"
"amazon.co.jp","amazon"
"amazon.co.uk","amazon"
"amazon.com","amazon"
"amazon.de","amazon"
"amazon.es","amazon"
"amazon.fr","amazon"
"amazon.in","amazon"
"amazon.it","amazon"
"amazonaws.com","amazonaws"
"ameblo.jp","ameblo"
"amzn.to","amzn"
"android.com","android"
"angelsdevilsnft.com","angelsdevilsnft"
"angelsofaether.com","angelsofaether"
"angrybirdnft.com","angrybirdnft"
"angrycat.io","angrycat"
"animemetaverse.ai","animemetaverse"
"animetaverse.club","animetaverse"
"animo.art","animo"
"antilia.club","antilia"
"ao.artball.io","artball"
"aol.com","aol"
"aotu.world","aotu"
"ap.fusionist.io","fusionist"
"apache.org","apache"
"apegang.art","apegang"
"apehaterclub.com","apehaterclub"
"apeinvaders.io","apeinvaders"
"apekidsclub.io","apekidsclub"
"apocalypticapes.com","apocalypticapes"
"app.1inch.io","1inch"
"app.cryptounicorns.fun","cryptounicorns"
"app.metabillionaire.com","metabillionaire"
"app.rarible.com","rarible"
"app.strongblock.com","strongblock"
"app.wilderworld.com","wilderworld"
"apple.com","apple"
"arcade.inc","arcade"
"archive.org","archive"
"archives.gov","archives"
"art.tennis","art"
"artblocks.io","artblocks"
"artgobblers.com","artgobblers"
"arxiv.org","arxiv"
"ascendednft.io","ascendednft"
"asus.com","asus"
"async.art","async"
"atemcarclub.com","atemcarclub"
"atsnft.io","atsnft"
"avariksaga.com","avariksaga"
"avastars.io","avastars"
"avatar.fvckrender.xyz","fvckrender"
"avidlines.art","avidlines"
"axieinfinity.com","axieinfinity"
"axolittles.io","axolittles"
"azragames.com","azragames"
"azuki.com","azuki"
"azurbala.com","azurbala"
"bandcamp.com","bandcamp"
"bapes.xyz","bapes"
"bapetaverse.com","bapetaverse"
"barnesandnoble.com","barnesandnoble"
"based-af.com","based-af"
"bastardganpunks.club","bastardganpunks"
"bayc.com","bayc"
"bbc.co.uk","bbc"
"bbc.com","bbc"
"bbrc.io","bbrc"
"bearsdeluxe.io","bearsdeluxe"
"bearxlabs.com","bearxlabs"
"beasties.online","beasties"
"benjibananas.com","benjibananas"
"berkeley.edu","berkeley"
"bfmtv.com","bfmtv"
"bibliothecadao.xyz","bibliothecadao"
"biglobe.ne.jp","biglobe"
"bigtime.gg","bigtime"
"binance.com","binance"
"bing.com","bing"
"bit.ly","bit"
"blairbreitenstein.com","blairbreitenstein"
"blitmap.com","blitmap"
"blog.fc2.com","fc2"
"bloglovin.com","bloglovin"
"blokpax.com","blokpax"
"bloodshedbears.com","bloodshedbears"
"bloomberg.com","bloomberg"
"blur.io","blur"
"boki.art","boki"
"bondly.finance","bondly"
"booking.com","booking"
"boonjiproject.com","boonjiproject"
"boredapeyachtclub.com","boredapeyachtclub"
"borpa.art","borpa"
"bp.blogspot.com","bp"
"braindrops.cloud","braindrops"
"brandbucket.com","brandbucket"
"bravefrontierheroes.com","bravefrontierheroes"
"brawlerbearz.club","brawlerbearz"
"brightmoments.io","brightmoments"
"britannica.com","britannica"
"brotchain.art","brotchain"
"bubblegumkids.com","bubblegumkids"
"bullsontheblock.com","bullsontheblock"
"bunny-buddies.com","bunny-buddies"
"burrows.fluf.world","fluf"
"businessinsider.com","businessinsider"
"buydomains.com","buydomains"
"buzzfeed.com","buzzfeed"
"byopills.com","byopills"
"c-01nft.io","c-01nft"
"ca.gov","ca"
"calameo.com","calameo"
"cambridge.org","cambridge"
"camelsnft.io","camelsnft"
"cameo.com","cameo"
"canada.ca","canada"
"candyhuntersnft.io","candyhuntersnft"
"capsulehouse.io","capsulehouse"
"carebears.xyz","carebears"
"castaways.com","castaways"
"casualsloths.xyz","casualsloths"
"cbc.ca","cbc"
"cbslocal.com","cbslocal"
"cbsnews.com","cbsnews"
"cdc.gov","cdc"
"celmates.wtf","celmates"
"cerealclub.com","cerealclub"
"chainrunners.xyz","chainrunners"
"champions.io","champions"
"chan.gallery","chan"
"change.org","change"
"checks.art","checks"
"cheekyunts.com","cheekyunts"
"chibidinos.io","chibidinos"
"chibilabs.io","chibilabs"
"chickenderby.com","chickenderby"
"chillfrogs.io","chillfrogs"
"chronoforge.gg","chronoforge"
"chubbies.io","chubbies"
"chumbivalley.com","chumbivalley"
"chumchums.io","chumchums"
"claim.silks.io","silks"
"clarin.com","clarin"
"claylings.io","claylings"
"clementinesnightmare.io","clementinesnightmare"
"clickbank.net","clickbank"
"cloudflare.com","cloudflare"
"cnbc.com","cnbc"
"cnet.com","cnet"
"cnil.fr","cnil"
"cnn.com","cnn"
"cockpunch.com","cockpunch"
"coinbase.com","coinbase"
"cointernet.com.co","cointernet"
"collective.proof.xyz","proof"
"collectors.premint.xyz","premint"
"collecttrumpcards.com","collecttrumpcards"
"collectvox.com","collectvox"
"colony.online","colony"
"coniun.io","coniun"
"consortiumkey.com","consortiumkey"
"coolcatsnft.com","coolcatsnft"
"cooldogs.io","cooldogs"
"coolmansuniverse.com","coolmansuniverse"
"cornell.edu","cornell"
"corntown.wtf","corntown"
"corriere.it","corriere"
"cozyverse.xyz","cozyverse"
"cpanel.com","cpanel"
"cpanel.net","cpanel"
"crazylizardarmy.com","crazylizardarmy"
"creativecommons.org","creativecommons"
"creature.guide","creature"
"creepz.co","creepz"
"croakz.io","croakz"
"crypto-buds.com","crypto-buds"
"cryptoadz.io","cryptoadz"
"cryptobeasts.org","cryptobeasts"
"cryptobullsociety.com","cryptobullsociety"
"cryptocannabisclub.com","cryptocannabisclub"
"cryptocrystal.app","cryptocrystal"
"cryptocubes.io","cryptocubes"
"cryptodickbutts.com","cryptodickbutts"
"cryptofighters.io","cryptofighters"
"cryptohobos.io","cryptohobos"
"cryptomories.iwwon.com","iwwon"
"cryptopackagedgoods.com","cryptopackagedgoods"
"cryptorayrays.com","cryptorayrays"
"cryptoshack.club","cryptoshack"
"cryptoskulls.com","cryptoskulls"
"curio.cards","curio"
"currency.nft.heni.com","heni"
"curve.fi","curve"
"cutt.ly","cutt"
"cyberbrokers.io","cyberbrokers"
"cyberkongz.com","cyberkongz"
"dailymail.co.uk","dailymail"
"dailymotion.com","dailymotion"
"dan.com","dan"
"dapperdinos.com","dapperdinos"
"deadfellaz.io","deadfellaz"
"deadheads.io","deadheads"
"debian.org","debian"
"debox.pro","debox"
"deca.art","deca"
"decentraland.org","decentraland"
"deekaykwon.com","deekaykwon"
"deepblack.io","deepblack"
"deezer.com","deezer"
"degengang.io","degengang"
"degentoonz.io","degentoonz"
"degenz.co","degenz"
"deloitte.com","deloitte"
"derace.com","derace"
"derivativeapes.io","derivativeapes"
"desperateapewives.com","desperateapewives"
"detik.com","detik"
"dezuki.com","dezuki"
"digg.com","digg"
"digidaigaku.com","digidaigaku"
"digitalanimals.club","digitalanimals"
"digitaltrends.com","digitaltrends"
"dinox.io","dinox"
"discord.com","discord"
"discord.com","discord"
"discord.gg","discord"
"disney.com","disney"
"disqus.com","disqus"
"divineanarchy.com","divineanarchy"
"djviau.github.io","djviau"
"docs.nftworlds.com","nftworlds"
"doi.org","doi"
"domainmarket.com","domainmarket"
"dontbuymeme.com","dontbuymeme"
"doodledogsnft.com","doodledogsnft"
"doodles.app","doodles"
"dooggies.com","dooggies"
"doubleclick.net","doubleclick"
"dourdarcels.io","dourdarcels"
"dragonfish.tokyo","dragonfish"
"dreamstime.com","dreamstime"
"dropbox.com","dropbox"
"drops.unxd.com","unxd"
"duck.art","duck"
"duckduckgo.com","duckduckgo"
"dudulab.io","dudulab"
"duskbreakers.gg","duskbreakers"
"dvdathecult.com","dvdathecult"
"dw.com","dw"
"dynadot.com","dynadot"
"dystopunks.net","dystopunks"
"e-monsite.com","e-monsite"
"ea.com","ea"
"earclubnft.com","earclubnft"
"ebay.co.uk","ebay"
"ebay.com","ebay"
"ebgnft.xyz","ebgnft"
"economist.com","economist"
"edenhorde.world","edenhorde"
"ehow.com","ehow"
"eightbit.me","eightbit"
"eliteapes.io","eliteapes"
"elmundo.es","elmundo"
"elpais.com","elpais"
"embersword.com","embersword"
"emblem.pro","emblem"
"en.cryptospells.jp","cryptospells"
"en.wikipedia.org","wikipedia"
"enable-javascript.com","enable-javascript"
"engadget.com","engadget"
"ens.domains","ens"
"eonline.com","eonline"
"epa.gov","epa"
"eponym.art-ai.com","art-ai"
"es.ultiverse.io","ultiverse"
"espn.com","espn"
"estadao.com.br","estadao"
"ethcards.co","ethcards"
"ether.cards","ether"
"etherants.com","etherants"
"etherland.world","etherland"
"ethernity.io","ethernity"
"etherorcs.com","etherorcs"
"eulerbeats.com","eulerbeats"
"europa.eu","europa"
"evaverse.com","evaverse"
"eventbrite.com","eventbrite"
"everai.xyz","everai"
"evernote.com","evernote"
"everyrealm.com","everyrealm"
"example.com","example"
"excite.co.jp","excite"
"exosama.com","exosama"
"expansionpunks.com","expansionpunks"
"express.co.uk","express"
"ezek.io","ezek"
"facebook.com","facebook"
"fandom.com","fandom"
"fanggang.io","fanggang"
"fateofwagdie.com","fateofwagdie"
"fatratmafia.com","fatratmafia"
"fb.com","fb"
"fb.me","fb"
"fbsbx.com","fbsbx"
"fda.gov","fda"
"fearcity.io","fearcity"
"feedburner.com","feedburner"
"feetpix.wtf","feetpix"
"feralfile.com","feralfile"
"fewoworld.io","fewoworld"
"fifa.com","fifa"
"files.wordpress.com","wordpress"
"film.gala.com","gala"
"finiliar.com","finiliar"
"fishyfam.io","fishyfam"
"flooz.world","flooz"
"flowerfam.earth","flowerfam"
"flyfrogs.xyz","flyfrogs"
"focus.de","focus"
"fomomofo.io","fomomofo"
"forbes.com","forbes"
"forgottenrunes.com","forgottenrunes"
"forms.gle","forms"
"fortune.com","fortune"
"fortune.com","fortune"
"foursquare.com","foursquare"
"foxfam.io","foxfam"
"foxnews.com","foxnews"
"framergence.art","framergence"
"francetvinfo.fr","francetvinfo"
"freepik.com","freepik"
"frenlypandas.org","frenlypandas"
"friendsies.io","friendsies"
"frogland.io","frogland"
"ft.com","ft"
"ftc.gov","ftc"
"ftlsnft.com","ftlsnft"
"funapes.io","funapes"
"fungle.xyz","fungle"
"furbrawls.io","furbrawls"
"fyatlux.com","fyatlux"
"galakticgang.com","galakticgang"
"galaxyfightclub.com","galaxyfightclub"
"gangsterallstar.com","gangsterallstar"
"garanteprivacy.it","garanteprivacy"
"gccnft.xyz","gccnft"
"gemma.art","gemma"
"gemset.io","gemset"
"gen.art","gen"
"generativedungeon.com","generativedungeon"
"generativemasks.io","generativemasks"
"gentscroquetclub.com","gentscroquetclub"
"genuineundead.io","genuineundead"
"geocities.com","geocities"
"getbootstrap.com","getbootstrap"
"getpingered.xyz","getpingered"
"gevols.com","gevols"
"ggpht.com","ggpht"
"ghostbuddy.xyz","ghostbuddy"
"ghostsproject.com","ghostsproject"
"girlies.art","girlies"
"github.com","github"
"github.com","github"
"gizmodo.com","gizmodo"
"glewmecity.io","glewmecity"
"globo.com","globo"
"gmail.com","gmail"
"gmdao.ai","gmdao"
"gnu.org","gnu"
"goblintown.wtf","goblintown"
"godaddy.com","godaddy"
"gofundme.com","gofundme"
"goo.gl","goo"
"goodreads.com","goodreads"
"google.ca","google"
"google.co.id","google"
"google.co.in","google"
"google.co.jp","google"
"google.co.uk","google"
"google.com.au","google"
"google.com.br","google"
"google.de","google"
"google.es","google"
"google.fr","google"
"google.it","google"
"google.nl","google"
"google.pl","google"
"google.ru","google"
"googleblog.com","googleblog"
"googleusercontent.com","googleusercontent"
"gooniezgang.com","gooniezgang"
"goonsofbalatroon.com","goonsofbalatroon"
"goopdoods.io","goopdoods"
"gooyaabitemplates.com","gooyaabitemplates"
"gossamer.world","gossamer"
"gossapegirl.com","gossapegirl"
"gradis.art","gradis"
"gravatar.com","gravatar"
"grayboysnft.com","grayboysnft"
"graycraft.com","graycraft"
"grumpypandaz.com","grumpypandaz"
"gstatic.com","gstatic"
"guardian.co.uk","guardian"
"guttercatgang.com","guttercatgang"
"hakinft.io","hakinft"
"hape.io","hape"
"harvard.edu","harvard"
"hatena.ne.jp","hatena"
"heartnfts.io","heartnfts"
"heaven.computer","heaven"
"helixmetaverse.com","helixmetaverse"
"helpmedebugthis.com","helpmedebugthis"
"hindustantimes.com","hindustantimes"
"hm.com","hm"
"hodlerchads.com","hodlerchads"
"hollywoodreporter.com","hollywoodreporter"
"homagang.xyz","homagang"
"home.neustar","home"
"honeybadgers.club","honeybadgers"
"hp.com","hp"
"huawei.com","huawei"
"hubspot.com","hubspot"
"huffingtonpost.com","huffingtonpost"
"huffpost.com","huffpost"
"hugedomains.com","hugedomains"
"humankind.art","humankind"
"huxleysaga.com","huxleysaga"
"ibm.com","ibm"
"ibutsu.io","ibutsu"
"icann.org","icann"
"ietf.org","ietf"
"ig.com.br","ig"
"ikea.com","ikea"
"illuvium.io","illuvium"
"imageshack.com","imageshack"
"imageshack.us","imageshack"
"imaginaryones.com","imaginaryones"
"imdb.com","imdb"
"impostors.gg","impostors"
"incognitonft.com","incognitonft"
"independent.co.uk","independent"
"indiatimes.com","indiatimes"
"indiegogo.com","indiegogo"
"inhabitantsuniverse.com","inhabitantsuniverse"
"insider.com","insider"
"instagram.com","instagram"
"instructables.com","instructables"
"intel.com","intel"
"interviewwiththevampirenfts.com","interviewwiththevampirenfts"
"invisiblefriends.io","invisiblefriends"
"isekaimeta.com","isekaimeta"
"issuu.com","issuu"
"istockphoto.com","istockphoto"
"itmedia.co.jp","itmedia"
"jadu.ar","jadu"
"jamesjean.outland.art","outland"
"jankyheist.com","jankyheist"
"java.com","java"
"jenkinsthevalet.com","jenkinsthevalet"
"jeremyfall.com","jeremyfall"
"jimdofree.com","jimdofree"
"jja.ke","jja"
"joancornella.fwenclub.com","fwenclub"
"jointheppa.com","jointheppa"
"joinvalhalla.com","joinvalhalla"
"josie.io","josie"
"joy.world","joy"
"jrny.club","jrny"
"junglefreaks.io","junglefreaks"
"junkyarddogs.io","junkyarddogs"
"justcubes.io","justcubes"
"kaijukingz.io","kaijukingz"
"kanpaipandas.io","kanpaipandas"
"karafuru.io","karafuru"
"keungz.com","keungz"
"kevinabosch.com","kevinabosch"
"kibatsumecha.com","kibatsumecha"
"kickstarter.com","kickstarter"
"killabears.com","killabears"
"killergf.com","killergf"
"kingship.io","kingship"
"kitaro.world","kitaro"
"kittycryptogang.com","kittycryptogang"
"kiwami.app","kiwami"
"knownorigin.io","knownorigin"
"koalaintelligence.agency","koalaintelligence"
"koingames.io","koingames"
"kolectiv.gg","kolectiv"
"kompas.com","kompas"
"kopokostudio.com","kopokostudio"
"kotaku.com","kotaku"
"kprverse.com","kprverse"
"kreepyclub.io","kreepyclub"
"kumoxworld.com","kumoxworld"
"labgrownbeasts.com","labgrownbeasts"
"larvalabs.com","larvalabs"
"latimes.com","latimes"
"lavanguardia.com","lavanguardia"
"lazylionsnft.com","lazylionsnft"
"lccb.kaikaikiki.com","kaikaikiki"
"leagueofkingdoms.com","leagueofkingdoms"
"ledgart.io","ledgart"
"lefigaro.fr","lefigaro"
"legendxnft.com","legendxnft"
"lemonde.fr","lemonde"
"lens.xyz","lens"
"leparisien.fr","leparisien"
"letters.vinniehager.com","vinniehager"
"lexpress.fr","lexpress"
"lifehacker.com","lifehacker"
"lightyears.fellowship.xyz","fellowship"
"lilheroes.io","lilheroes"
"line.me","line"
"linkedin.com","linkedin"
"linksdao.io","linksdao"
"linktr.ee","linktr"
"linktr.ee","linktr"
"list-manage.com","list-manage"
"live.com","live"
"liveinternet.ru","liveinternet"
"livesofasuna.com","livesofasuna"
"llamaverse.io","llamaverse"
"lofioriginals.com","lofioriginals"
"london.pob.studio","pob"
"lonelyaliens.com","lonelyaliens"
"lonelypop.com","lonelypop"
"looksrare.org","looksrare"
"loomlock.com","loomlock"
"lootproject.com","lootproject"
"loserclub.io","loserclub"
"lostpoets.xyz","lostpoets"
"luckyzeros.io","luckyzeros"
"lvcidia.xyz","lvcidia"
"lycos.com","lycos"
"lympo.io","lympo"
"madrabbits.io","madrabbits"
"magiceden.com","magiceden"
"magiceden.io","magiceden"
"mail.ru","mail"
"mailchimp.com","mailchimp"
"maisondegoat.com","maisondegoat"
"makersplace.com","makersplace"
"maonft.com","maonft"
"market.ledger.com","ledger"
"market.onquidd.com","onquidd"
"market.theheroes.app","theheroes"
"marketwatch.com","marketwatch"
"marscatsvoyage.com","marscatsvoyage"
"martianpremierleague.com","martianpremierleague"
"mashable.com","mashable"
"mathcastles.xyz","mathcastles"
"matrixworld.org","matrixworld"
"mavia.com","mavia"
"mediafire.com","mediafire"
"medium.com","medium"
"meebitsdao.com","meebitsdao"
"mega.nz","mega"
"megami.io","megami"
"megaupload.com","megaupload"
"memeland.com","memeland"
"merriam-webster.com","merriam-webster"
"metaarmy.io","metaarmy"
"metabountyhunters.io","metabountyhunters"
"metacard.io","metacard"
"metaguardians.com","metaguardians"
"metamansionsbykeys.com","metamansionsbykeys"
"metamask.io","metamask"
"metamcnft.com","metamcnft"
"metapenguinisland.com","metapenguinisland"
"metasaurs.com","metasaurs"
"metasniper.app","metasniper"
"metro.co.uk","metro"
"metropolisworld.io","metropolisworld"
"metroverse.com","metroverse"
"mevarmy.x0rart.com","x0rart"
"mgxs.co","mgxs"
"micdrop.pepsi.com","pepsi"
"microsoft.com","microsoft"
"midnightbreeze.io","midnightbreeze"
"mindblowon.io","mindblowon"
"mintcollectiveglobal.com","mintcollectiveglobal"
"mintnft.gallery","mintnft"
"mirandus.game","mirandus"
"mirror.co.uk","mirror"
"mirror.xyz","mirror"
"mirrorpass.xyz","mirrorpass"
"mit.edu","mit"
"mlbc.app","mlbc"
"mnlth.rtfkt.com","rtfkt"
"monkeez.io","monkeez"
"monkeybet.co","monkeybet"
"monsterbuds.io","monsterbuds"
"moodrollers.com","moodrollers"
"moonbirds.xyz","moonbirds"
"moonbirdsvictorian.com","moonbirdsvictorian"
"mooncat.community","mooncat"
"moonrunners.io","moonrunners"
"moshimochi.io","moshimochi"
"mozilla.com","mozilla"
"mozilla.org","mozilla"
"msn.com","msn"
"murakamiflowers.kaikaikiki.com","kaikaikiki"
"mutantapekidsclub.xyz","mutantapekidsclub"
"mutantdao.com","mutantdao"
"mutantverse.io","mutantverse"
"mutate.godhatesnftees.com","godhatesnftees"
"mybff.com","mybff"
"mynavi.jp","mynavi"
"mypethooligan.com","mypethooligan"
"myspace.com","myspace"
"mysql.com","mysql"
"nahfungiblebones.com","nahfungiblebones"
"namecheap.com","namecheap"
"narod.ru","narod"
"nasa.gov","nasa"
"nationalgeographic.com","nationalgeographic"
"nature.com","nature"
"naver.com","naver"
"nbcnews.com","nbcnews"
"neostackey.io","neostackey"
"neotokyo.codes","neotokyo"
"netflix.com","netflix"
"netlify.app",""
"netvibes.com","netvibes"
"netvrk.co","netvrk"
"networkadvertising.org","networkadvertising"
"newsweek.com","newsweek"
"newyorker.com","newyorker"
"nfp.daz3d.com","daz3d"
"nft.blvck.com","blvck"
"nft.coodles.io","coodles"
"nft.habbo.com","habbo"
"nft.mydayaway.com","mydayaway"
"nft.renault.com","renault"
"nft.spin.fi","spin"
"nft.tiffany.com","tiffany"
"nftboxes.io","nftboxes"
"nfthud.io","nfthud"
"nftsensei.xyz","nftsensei"
"nfttyson.com","nfttyson"
"nginx.com","nginx"
"nginx.org","nginx"
"nickelodeon.xyz","nickelodeon"
"nicovideo.jp","nicovideo"
"niftygateway.com","niftygateway"
"niftyleague.com","niftyleague"
"niftys.com","niftys"
"nightbirds.art","nightbirds"
"nightreflection.com","nightreflection"
"nih.gov","nih"
"nikkei.com","nikkei"
"ninjasquad.co","ninjasquad"
"noaa.gov","noaa"
"nonconformistducks.com","nonconformistducks"
"nostalgia-nft.xyz","nostalgia-nft"
"nouns.wtf","nouns"
"npr.org","npr"
"nutsdao.org","nutsdao"
"nydailynews.com","nydailynews"
"nylahayes.com","nylahayes"
"nyolings.io","nyolings"
"nypost.com","nypost"
"nytimes.com","nytimes"
"obyclabs.com","obyclabs"
"oecd.org","oecd"
"office.com","office"
"offset.com","offset"
"ogcrystals.com","ogcrystals"
"ok.ru","ok"
"oldeus.com","oldeus"
"omentejovem.com","omentejovem"
"omnimorphs.com","omnimorphs"
"omnis.wtf","omnis"
"onamae.com","onamae"
"onchainbuccaneers.com","onchainbuccaneers"
"onchainmonkey.com","onchainmonkey"
"oncyber.io","oncyber"
"oogaverse.com","oogaverse"
"opensea.com","opensea"
"opensea.io","opensea"
"opera.com","opera"
"oracle.com","oracle"
"orange.fr","orange"
"orangecomet.com","orangecomet"
"originsnft.io","originsnft"
"os.peacevoid.world","peacevoid"
"osf.art","osf"
"otherside.xyz","otherside"
"ouest-france.fr","ouest-france"
"oup.com","oup"
"outlook.com","outlook"
"ovh.co.uk","ovh"
"ovh.com","ovh"
"ovh.net","ovh"
"ovhcloud.com","ovhcloud"
"p4sd.com","p4sd"
"pabloslol.net","pabloslol"
"pacman.dog","pacman"
"parallels.com","parallels"
"partybear.xyz","partybear"
"partydegenerates.com","partydegenerates"
"partypenguins.club","partypenguins"
"pass.cameo.com","cameo"
"pass.vaynersports.com","vaynersports"
"passengers.space","passengers"
"paypal.com","paypal"
"pbs.org","pbs"
"pcmag.com","pcmag"
"pegz.fun","pegz"
"pexels.com","pexels"
"phantom.app","phantom"
"phantomgalaxies.com","phantomgalaxies"
"photobucket.com","photobucket"
"php.net","php"
"pieceofshit.wtf","pieceofshit"
"pinterest.co.uk","pinterest"
"pinterest.com","pinterest"
"pinterest.fr","pinterest"
"piratenation.game","piratenation"
"pixabay.com","pixabay"
"pixelmap.io","pixelmap"
"pixelmon.club","pixelmon"
"pixels.xyz","pixels"
"plaguenft.com","plaguenft"
"planalto.gov.br","planalto"
"planetxolo.com","planetxolo"
"plasmabears.com","plasmabears"
"playboyrabbitars.com","playboyrabbitars"
"playdissolution.com","playdissolution"
"playingarts.com","playingarts"
"playkillaz.io","playkillaz"
"playstation.com","playstation"
"plesk.com","plesk"
"plos.org","plos"
"pnas.org","pnas"
"polarbearsnft.com","polarbearsnft"
"politico.com","politico"
"polychainmonsters.com","polychainmonsters"
"poobnft.com","poobnft"
"popartcats.xyz","popartcats"
"portal.thenifty.com","thenifty"
"posers.app","posers"
"prezi.com","prezi"
"primeapeplanet.com","primeapeplanet"
"privacyshield.gov","privacyshield"
"prnewswire.com","prnewswire"
"producerc.xyz","producerc"
"projectatama.io","projectatama"
"proof.xyz","proof"
"propertys.xyz","propertys"
"psychedelicsanonymous.com","psychedelicsanonymous"
"psychologytoday.com","psychologytoday"
"pudgypenguins.com","pudgypenguins"
"pulsquares.art","pulsquares"
"puma.com","puma"
"punkscomic.com","punkscomic"
"purebase.co","purebase"
"qq.com","qq"
"qql.art","qql"
"quantum.art","quantum"
"queenskings.hackatao.com","hackatao"
"quickswap.exchange","quickswap"
"quirkies.io","quirkies"
"quora.com","quora"
"radiofrance.fr","radiofrance"
"ragstorichie.io","ragstorichie"
"raid.party","raid"
"rakuten.co.jp","rakuten"
"rambler.ru","rambler"
"randomravers.com","randomravers"
"rapidshare.com","rapidshare"
"rareapepeyachtclub.com","rareapepeyachtclub"
"rarepass.superrare.com","superrare"
"rebelbots.com","rebelbots"
"rebels.art","rebels"
"redbull.com","redbull"
"reddit.com","reddit"
"redemption.antonymnft.com","antonymnft"
"redhat.com","redhat"
"reg.ru","reg"
"regular.world","regular"
"rektguy.com","rektguy"
"renga.app","renga"
"researchgate.net","researchgate"
"reuters.com","reuters"
"reverbnation.com","reverbnation"
"ria.ru","ria"
"rich.baby","rich"
"rifters.io","rifters"
"roguesociety.io","roguesociety"
"rootroop.com","rootroop"
"rottentomatoes.com","rottentomatoes"
"rt.com","rt"
"rtfkt.com","rtfkt"
"rtve.es","rtve"
"sadgirlsbar.io","sadgirlsbar"
"sakura.ne.jp","sakura"
"sale.ether.cards","ether"
"sammynft.com","sammynft"
"samsung.com","samsung"
"sandbox.game","sandbox"
"sapo.pt","sapo"
"sappyseals.io","sappyseals"
"satoshibles.com","satoshibles"
"savagenationnft.com","savagenationnft"
"scapes.xyz","scapes"
"sciencedaily.com","sciencedaily"
"sciencedirect.com","sciencedirect"
"sciencemag.org","sciencemag"
"scientificamerican.com","scientificamerican"
"scoop.it","scoop"
"scope.klaytn.com","klaytn"
"scribd.com","scribd"
"secondskin.app","secondskin"
"secureserver.net","secureserver"
"sedo.com","sedo"
"seeder.mutant.garden","mutant"
"seekers.xyz","seekers"
"sendspace.com","sendspace"
"sentientlabs.app","sentientlabs"
"seoulstars.io","seoulstars"
"series2.veefriends.com","veefriends"
"sfgate.com","sfgate"
"shellzorb.io","shellzorb"
"shibasocialclub.com","shibasocialclub"
"shiboshis.shibaswap.com","shibaswap"
"shibuya.xyz","shibuya"
"shields.build","shields"
"shinsekai.io","shinsekai"
"shopify.com","shopify"
"shrapnel.com","shrapnel"
"shutterstock.com","shutterstock"
"si.edu","si"
"skeletguys.com","skeletguys"
"skype.com","skype"
"skyweaver.net","skyweaver"
"slate.com","slate"
"slideshare.net","slideshare"
"slimhoods.com","slimhoods"
"smallbrosnft.app","smallbrosnft"
"smh.com.au","smh"
"smowl.xyz","smowl"
"socialbees.io","socialbees"
"solsea.io","solsea"
"solvency.art","solvency"
"sorare.com","sorare"
"soundcloud.com","soundcloud"
"spaceboo.io","spaceboo"
"spacepoggers.com","spacepoggers"
"spaceriders.xyz","spaceriders"
"spaceshipnft.com","spaceshipnft"
"spiegel.de","spiegel"
"spookies.gallery","spookies"
"spotify.com","spotify"
"springer.com","springer"
"sputniknews.com","sputniknews"
"squiggles.app","squiggles"
"squirrellysquirrels.com","squirrellysquirrels"
"squishiverse.com","squishiverse"
"ssl-images-amazon.com","ssl-images-amazon"
"standard.co.uk","standard"
"stanford.edu","stanford"
"starcatchers.io","starcatchers"
"starkade.com","starkade"
"starwolvez.com","starwolvez"
"state.gov","state"
"statista.com","statista"
"steampowered.com","steampowered"
"steviep.xyz","steviep"
"stonerapeclub.org","stonerapeclub"
"storage.googleapis.com","storage"
"streetfighter.cards","streetfighter"
"stuff.co.nz","stuff"
"sunflower-land.com","sunflower-land"
"supercreators.io","supercreators"
"supercuteworld.com","supercuteworld"
"superfarm.com","superfarm"
"superlativesecretsociety.io","superlativesecretsociety"
"supernfty.com","supernfty"
"supernormal.art","supernormal"
"superplastic.co","superplastic"
"superrare.co","superrare"
"superyeti.co","superyeti"
"supremekong.com","supremekong"
"surreals.io","surreals"
"surveymonkey.com","surveymonkey"
"svs.gg","svs"
"swamps.io","swamps"
"sympathyforthedevils.club","sympathyforthedevils"
"t-o-s.io","t-o-s"
"t.co","t"
"t.me","t"
"tableland.xyz","tableland"
"target.com","target"
"tastybones.xyz","tastybones"
"tcg.world","tcg"
"teamviewer.com","teamviewer"
"techcrunch.com","techcrunch"
"techradar.com","techradar"
"ted.com","ted"
"telegra.ph","telegra"
"telegram.me","telegram"
"telegraph.co.uk","telegraph"
"template.wtf","template"
"terra.com.br","terra"
"tgoagenesis.com","tgoagenesis"
"theapelist.com","theapelist"
"theassociationnft.com","theassociationnft"
"theatlantic.com","theatlantic"
"thebeeings.io","thebeeings"
"theboringapechronicles.com","theboringapechronicles"
"theconversation.com","theconversation"
"thedogepoundnft.com","thedogepoundnft"
"thefreedictionary.com","thefreedictionary"
"thegoda.io","thegoda"
"theguardian.com","theguardian"
"thehill.com","thehill"
"thehumanoids.com","thehumanoids"
"theindifferentduck.com","theindifferentduck"
"thelittles.io","thelittles"
"thelobstars.com","thelobstars"
"thelonglost.io","thelonglost"
"thelunartics.com","thelunartics"
"themeforest.net","themeforest"
"themekaverse.com","themekaverse"
"themetakey.com","themetakey"
"themetakongz.com","themetakongz"
"thenai.org","thenai"
"thepalsuniverse.com","thepalsuniverse"
"thepicaroons.com","thepicaroons"
"thesadtimes.com","thesadtimes"
"thesevensofficial.com","thesevensofficial"
"thestar.com","thestar"
"thesun.co.uk","thesun"
"thetadrop.com","thetadrop"
"thetatoken.org","thetatoken"
"thetimes.co.uk","thetimes"
"theuncanny.io","theuncanny"
"theverge.com","theverge"
"thevogu.io","thevogu"
"thewatch.com","thewatch"
"thingdoms.io","thingdoms"
"tigerbob.io","tigerbob"
"tiktok.com","tiktok"
"time.com","time"
"time.com","time"
"timeweb.ru","timeweb"
"tinydinos.fun","tinydinos"
"tinypic.com","tinypic"
"tinyurl.com","tinyurl"
"tipsycoin.io","tipsycoin"
"tokyonftlab.com","tokyonftlab"
"tomsachsrocketfactory.com","tomsachsrocketfactory"
"topdogbeachclub.com","topdogbeachclub"
"toyboogers.io","toyboogers"
"traderjoexyz.com","traderjoexyz"
"traitsniper.com","traitsniper"
"treasure.lol","treasure"
"tripadvisor.com","tripadvisor"
"tritonpass.io","tritonpass"
"tronwars.ai","tronwars"
"troverse.io","troverse"
"tubbycats.xyz","tubbycats"
"twdempires.game","twdempires"
"twitch.tv","twitch"
"twitter.com","twitter"
"twitter.com","twitter"
"ubuntu.com","ubuntu"
"uefa.com","uefa"
"uglypeople.art","uglypeople"
"un.org","un"
"underground.io","underground"
"unesco.org","unesco"
"unisocks.exchange","unisocks"
"unsplash.com","unsplash"
"unstoppabledomains.com","unstoppabledomains"
"uol.com.br","uol"
"urbit.org","urbit"
"ursproject.io","ursproject"
"us.budweiser.com","budweiser"
"usatoday.com","usatoday"
"usc.edu","usc"
"usda.gov","usda"
"usgs.gov","usgs"
"usnews.com","usnews"
"utiliti.ai","utiliti"
"uunicorns.io","uunicorns"
"uwucrew.art","uwucrew"
"variety.com","variety"
"veecon.co","veecon"
"vice.com","vice"
"viglink.com","viglink"
"vimeo.com","vimeo"
"visualizevalue.com","visualizevalue"
"vk.com","vk"
"vkontakte.ru","vkontakte"
"voxies.io","voxies"
"w3.org","w3"
"wa.me","wa"
"wagmiarmy.io","wagmiarmy"
"wagmigame.io","wagmigame"
"waifusion.io","waifusion"
"wallstreetbulls.io","wallstreetbulls"
"walmart.com","walmart"
"wanderers.ai","wanderers"
"warpsound.ai","warpsound"
"washingtonpost.com","washingtonpost"
"weathereport.io","weathereport"
"webaverse.com","webaverse"
"webb.game","webb"
"webmd.com","webmd"
"webnode.page","webnode"
"weibo.com","weibo"
"weirdwhalesnft.com","weirdwhalesnft"
"whatsapp.com","whatsapp"
"whitehouse.gov","whitehouse"
"whitesands.game","whitesands"
"who.int","who"
"whoopdoop.com","whoopdoop"
"wickedboneclub.com","wickedboneclub"
"wikia.com","wikia"
"wikihow.com","wikihow"
"wikimedia.org","wikimedia"
"wiktionary.org","wiktionary"
"wildcards.world","wildcards"
"wiley.com","wiley"
"windows.net","windows"
"winterbearsnft.com","winterbearsnft"
"wired.com","wired"
"wisc.edu","wisc"
"wolf.game","wolf"
"womentribe.art","womentribe"
"womenunitenft.com","womenunitenft"
"woodiesnft.com","woodiesnft"
"woodiesofficial.com","woodiesofficial"
"wordpress.org","wordpress"
"worldbank.org","worldbank"
"worldofwomen.art","worldofwomen"
"wp.com","wp"
"wsj.com","wsj"
"wulfznft.com","wulfznft"
"www.0xapes.com","0xapes"
"www.acrocalypse.gg","acrocalypse"
"www.adidas.com","adidas"
"www.aku.world","aku"
"www.akumaorigins.com","akumaorigins"
"www.alcabones.io","alcabones"
"www.alphakongsclub.com","alphakongsclub"
"www.alteredstatemachine.xyz","alteredstatemachine"
"www.anonymice.com","anonymice"
"www.apekidsclub.io","apekidsclub"
"www.apereunion.xyz","apereunion"
"www.appliedprimate.com","appliedprimate"
"www.arcadenfts.com","arcadenfts"
"www.arttokyoglobal.io","arttokyoglobal"
"www.azuki.com","azuki"
"www.beanbagfrens.com","beanbagfrens"
"www.beansnfts.io","beansnfts"
"www.billionaireclubnft.com","billionaireclubnft"
"www.blockchainminers.club","blockchainminers"
"www.blogger.com","blogger"
"www.bongbears.com","bongbears"
"www.boredapeyachtclub.com","boredapeyachtclub"
"www.boredmummywakingup.com","boredmummywakingup"
"www.bossbeauties.com","bossbeauties"
"www.br0ads1de.com","br0ads1de"
"www.bullrunbabes.com","bullrunbabes"
"www.bullsandapesproject.com","bullsandapesproject"
"www.bvgarden.io","bvgarden"
"www.cakedworld.com","cakedworld"
"www.canalblog.com","canalblog"
"www.catblox.xyz","catblox"
"www.catsinthecups.com","catsinthecups"
"www.ccrewnft.com","ccrewnft"
"www.chainguardians.io","chainguardians"
"www.chimpers.xyz","chimpers"
"www.chubbiverse.com","chubbiverse"
"www.codeisart.xyz","codeisart"
"www.coolmonkes.io","coolmonkes"
"www.cosmiccats.io","cosmiccats"
"www.cosmodinos.com","cosmodinos"
"www.creeptures.xyz","creeptures"
"www.critterz.xyz","critterz"
"www.crosstheages.com","crosstheages"
"www.crypto-pills.com","crypto-pills"
"www.cryptoarte.io","cryptoarte"
"www.cryptobatz.com","cryptobatz"
"www.cryptochicks.app","cryptochicks"
"www.cryptocoven.xyz","cryptocoven"
"www.cryptodadsnft.com","cryptodadsnft"
"www.cryptofoxes.io","cryptofoxes"
"www.cryptohoots.com","cryptohoots"
"www.cryptokitties.co","cryptokitties"
"www.cryptonatty.io","cryptonatty"
"www.cryptoongoonz.com","cryptoongoonz"
"www.cryptophunks.com","cryptophunks"
"www.cryptoraiders.xyz","cryptoraiders"
"www.cryptosimeji.xyz","cryptosimeji"
"www.cryptovoxels.com","cryptovoxels"
"www.cryptowalkers.io","cryptowalkers"
"www.csc-game.com","csc-game"
"www.cube-x.gg","cube-x"
"www.cyborg86.io","cyborg86"
"www.deafbeef.com","deafbeef"
"www.decentral.games","decentral"
"www.deeznft.io","deeznft"
"www.degenz.co","degenz"
"www.dendekaden.com","dendekaden"
"www.dentedfeelsnft.com","dentedfeelsnft"
"www.dinobabies.io","dinobabies"
"www.dippies.io","dippies"
"www.dogc.xyz","dogc"
"www.dopewars.gg","dopewars"
"www.eatwellys.com","eatwellys"
"www.ecotars.com","ecotars"
"www.elysiumshell.xyz","elysiumshell"
"www.etherlambos.io","etherlambos"
"www.f1deltatime.com","f1deltatime"
"www.fameladysquad.com","fameladysquad"
"www.fancybearsmetaverse.com","fancybearsmetaverse"
"www.fiendz.io","fiendz"
"www.flowergirlsnft.com","flowergirlsnft"
"www.flyfishclub.com","flyfishclub"
"www.froggyfriendsnft.com","froggyfriendsnft"
"www.funkyflies.com","funkyflies"
"www.gala.games","gala"
"www.galaxy-eggs.com","galaxy-eggs"
"www.galverse.art","galverse"
"www.genuineundead.io","genuineundead"
"www.gmstudio.art","gmstudio"
"www.google.com","google"
"www.gov.br","www"
"www.gov.uk","www"
"www.grandpaapecountryclub.com","grandpaapecountryclub"
"www.halonft.art","halonft"
"www.ilikeyouyoureweird.com","ilikeyouyoureweird"
"www.illogics.io","illogics"
"www.illuminatinft.com","illuminatinft"
"www.immadegen.com","immadegen"
"www.inbetweeners.io","inbetweeners"
"www.justinaversano.com","justinaversano"
"www.juuni.xyz","juuni"
"www.kaidanuniverse.com","kaidanuniverse"
"www.knightsofdegen.io","knightsofdegen"
"www.lacoste.com","lacoste"
"www.laidbackllamas.com","laidbackllamas"
"www.larvalabs.com","larvalabs"
"www.ledgart.io","ledgart"
"www.lilhottiesnft.com","lilhottiesnft"
"www.littlelemonfriendsnft.com","littlelemonfriendsnft"
"www.livejournal.com","livejournal"
"www.los-muertos.io","los-muertos"
"www.loveless.city","loveless"
"www.magicmushroomclubnft.com","magicmushroomclubnft"
"www.megacryptopolis.com","megacryptopolis"
"www.memeland.com","memeland"
"www.meta-legends.com","meta-legends"
"www.metaangelsnft.com","metaangelsnft"
"www.metakozo-dao.xyz","metakozo-dao"
"www.metasamurai.world","metasamurai"
"www.morethangamersnft.io","morethangamersnft"
"www.multiversevm.com","multiversevm"
"www.muri.soy","muri"
"www.mutantdao.com","mutantdao"
"www.mutantshiba.club","mutantshiba"
"www.mv3hq.com","mv3hq"
"www.mvhq.io","mvhq"
"www.mycryptoheroes.net","mycryptoheroes"
"www.neotokyopunks.com","neotokyopunks"
"www.neverfeartruth.com","neverfeartruth"
"www.nfheroes.io","nfheroes"
"www.nftbirds.io","nftbirds"
"www.nftftc.com","nftftc"
"www.nftstar.com","nftstar"
"www.niftyisland.com","niftyisland"
"www.ninja-dao.com","ninja-dao"
"www.noodles.app","noodles"
"www.nuclearnerds.io","nuclearnerds"
"www.oddities.xyz","oddities"
"www.over-blog.com","over-blog"
"www.overlord.xyz","overlord"
"www.oxyaorigin.com","oxyaorigin"
"www.paladinpandas.com","paladinpandas"
"www.parallel.life","parallel"
"www.pills.game","pills"
"www.pjpp.io","pjpp"
"www.plaguenft.com","plaguenft"
"www.polyientx.com","polyientx"
"www.pudgypenguins.com","pudgypenguins"
"www.purrnelopescountryclub.com","purrnelopescountryclub"
"www.rareapepeyachtclub.com","rareapepeyachtclub"
"www.realshibadoge.com","realshibadoge"
"www.realvision.com","realvision"
"www.rebelsociety.io","rebelsociety"
"www.redditinc.com","redditinc"
"www.refikanadol.com","refikanadol"
"www.renga.app","renga"
"www.ribbonriven.com","ribbonriven"
"www.rlm.land","rlm"
"www.robotos.art","robotos"
"www.royalsociety.io","royalsociety"
"www.rplanetnft.xyz","rplanetnft"
"www.rug.fm","rug"
"www.rumblekongleague.com","rumblekongleague"
"www.sacredskullsnft.com","sacredskullsnft"
"www.sandbox.game","sandbox"
"www.sbs.xyz","sbs"
"www.shadowquest.games","shadowquest"
"www.skulltoons.io","skulltoons"
"www.smilesss.com","smilesss"
"www.sneakerheads.xyz","sneakerheads"
"www.somethingtoken.com","somethingtoken"
"www.somniumspace.com","somniumspace"
"www.spacepunks.club","spacepunks"
"www.spidertanks.game","spidertanks"
"www.squishysquadnft.com","squishysquadnft"
"www.starcatchers.io","starcatchers"
"www.start.tinytap.com","tinytap"
"www.stateoftheart.world","stateoftheart"
"www.stonercats.com","stonercats"
"www.streetlab.io","streetlab"
"www.supducks.com","supducks"
"www.superfarm.com","superfarm"
"www.thealienboy.com","thealienboy"
"www.thedeadarmyskeletonklub.army","thedeadarmyskeletonklub"
"www.thehabibiz.io","thehabibiz"
"www.thehashmasks.com","thehashmasks"
"www.theorbs.io","theorbs"
"www.thepixlverse.com","thepixlverse"
"www.theredvillage.com","theredvillage"
"www.theskuxxverse.com","theskuxxverse"
"www.thestoics.art","thestoics"
"www.toolsofrock.com","toolsofrock"
"www.toxicskullsclub.io","toxicskullsclub"
"www.transformativeart.com","transformativeart"
"www.treeverse.net","treeverse"
"www.trillionairethugs.com","trillionairethugs"
"www.trippytoadz.io","trippytoadz"
"www.turf.dev","turf"
"www.undeadblocks.com","undeadblocks"
"www.v1punks.io","v1punks"
"www.vivid.limited","vivid"
"www.voxelville.io","voxelville"
"www.wavelengthbykaleb.com","wavelengthbykaleb"
"www.wearezinu.com","wearezinu"
"www.weebly.com","weebly"
"www.weirdoghost.com","weirdoghost"
"www.wickedcranium.com","wickedcranium"
"www.wix.com","wix"
"www.womenandweapons.io","womenandweapons"
"www.womenrise.art","womenrise"
"www.wonderpals.com","wonderpals"
"www.yahoo.com","yahoo"
"www.yetitown.com","yetitown"
"www.yuliverse.com","yuliverse"
"x2y2.io","x2y2"
"xbox.com","xbox"
"xcopy.art","xcopy"
"xing.com","xing"
"xinhuanet.com","xinhuanet"
"xrabbits.club","xrabbits"
"yadi.sk","yadi"
"yahoo.co.jp","yahoo"
"yandex.com","yandex"
"yandex.ru","yandex"
"yaypegs.com","yaypegs"
"ycsdao.com","ycsdao"
"yelp.com","yelp"
"yolo.holiday","yolo"
"youronlinechoices.com","youronlinechoices"
"youtu.be","youtu"
"youtube.com","youtube"
"ytimg.com","ytimg"
"yu-gi-yn.com","yu-gi-yn"
"yungapesquad.com","yungapesquad"
"zed.run","zed"
"zenacademy.com","zenacademy"
"zenape.io","zenape"
"zendesk.com","zendesk"
"ziddu.com","ziddu"
"zippyshare.com","zippyshare"
"zombieclub.io","zombieclub"
"zoom.us","zoom"
"zora.co","zora"
